0.8149384838468828,{'alpha': 0.01, 'learning_rate': 0.01, 'max_depth': 10.0, 'min_samples_leaf': 1.0, 'min_samples_split': 42.909062183203595, 'n_estimators': 990.1555112243426, 'subsample': 1.0}
0.8147222049674179,{'alpha': 0.5789702493390205, 'learning_rate': 0.17081669882354159, 'max_depth': 9.164535670781119, 'min_samples_leaf': 1.187559403812776, 'min_samples_split': 26.87114872929766, 'n_estimators': 219.51967718173677, 'subsample': 0.7177339087360016}
